seed,sample,ranking_score
1,0,0.38553749823610434
1,1,0.3562397060174604
1,2,0.3700765962986173
