{
  "dataset_name": "Chen_2019_pepper",
  "num_sequences": 70,
  "pepper_530": {
    "intensities": [
      1.350735294,
      1.213970588,
      1.2875,
      1.256372549,
      0.357107843,
      0.652696078,
      0.470098039,
      0.441666667,
      1.07622549,
      1.122794118,
      0.890441176,
      1.133333333,
      1.180637255,
      1.213480392,
      1.170343137,
      1.147794118,
      1.137254902,
      1.082843137,
      1.046078431,
      1.121323529,
      0.16004902,
      0.307352941,
      0.984068627,
      1.035539216,
      0.103431373,
      0.96004902,
      0.033333333,
      0.52622549,
      0.049509804,
      1.027941176,
      0.902941176,
      0.005392157,
      1.210784314,
      0.024754902,
      0.010294118,
      0.005147059,
      0.074019608,
      0.164460784,
      0.07377451,
      0.006372549,
      0.005147059,
      0.004901961,
      0.006862745,
      0.846323529,
      0.005637255,
      0.005637255,
      0.006372549,
      0.005882353,
      0.072058824,
      0.008088235,
      1.531497,
      0.735676,
      0.538462,
      1.325419,
      1.092751,
      0.177904,
      0.140551,
      0.073441,
      0.154163,
      0.137385,
      0.666983,
      0.166825,
      0.406774,
      0.041152,
      0.18202,
      0.325736,
      0.269072,
      0.014245,
      0.078506,
      0.0
    ]
  },
  "pepper_620": {
    "intensities": [
      1.126085698,
      1.226066396,
      1.123335263,
      1.345107122,
      0.625747925,
      0.731712025,
      0.5544779,
      0.835456476,
      1.524705655,
      1.242569002,
      1.428150936,
      1.241603937,
      1.150791353,
      1.207344142,
      1.392250531,
      1.493244547,
      1.44060027,
      1.480167921,
      1.289036865,
      1.332561282,
      0.294779,
      0.460770122,
      1.373190504,
      1.517274657,
      0.311474619,
      1.295165026,
      0.112285273,
      0.938091102,
      0.159139162,
      1.58671106,
      1.464196101,
      0.024946921,
      1.556987068,
      0.131876086,
      0.023113299,
      0.026539278,
      0.15687126,
      0.343852538,
      0.180370585,
      0.041353021,
      0.035707392,
      0.030930322,
      0.043765682,
      1.307180081,
      0.033294731,
      0.010856977,
      0.008685582,
      0.03985717,
      0.177475391,
      0.040339703,
      1.398958,
      1.046181,
      1.124421,
      1.247454,
      1.467824,
      0.553241,
      0.953009,
      0.364468,
      0.5,
      0.384606,
      1.239815,
      0.503472,
      0.882755,
      0.160185,
      0.869213,
      0.642361,
      1.009838,
      0.08669,
      0.352431,
      0.041898
    ]
  }
}
