{
  "dataset_name": "Kobori_2015_ribozyme_j12",
  "num_sequences": 256,
  "intensities": [
    0.3607147139944837,
    0.2998418683858411,
    0.2994284229670044,
    0.3103171417101565,
    0.1346569421934089,
    0.1021110242376856,
    0.086191986,
    0.1226666666666666,
    0.1468757779437391,
    0.1322790422701744,
    0.1328092096026955,
    0.1341775754126351,
    0.154280209,
    0.1288071065989847,
    0.1055458573922384,
    0.1249201277955271,
    0.037725824,
    0.0233236151603498,
    0.0273890142964635,
    0.0287066246056782,
    0.0285355910943869,
    0.026792313,
    0.025923526,
    0.0320353982300884,
    0.0288052373158756,
    0.0143448275862068,
    0.0284433718324426,
    0.028808766,
    0.0294071146245059,
    0.025,
    0.022752945,
    0.026978417,
    0.1382454411039921,
    0.099853157,
    0.1141988710377768,
    0.092659446,
    0.054228855721393,
    0.039684496,
    0.05,
    0.0471855842467025,
    0.1004739336492891,
    0.0576923076923076,
    0.070860116,
    0.058407371,
    0.068934512,
    0.0451401528940662,
    0.045515796,
    0.058171745,
    0.084330939,
    0.04701161,
    0.050595238095238,
    0.0479987242863977,
    0.069944892,
    0.057142857,
    0.042247744,
    0.0554933989706869,
    0.0300474433315761,
    0.0246425311834499,
    0.0350696991929567,
    0.032379755,
    0.053860819828408,
    0.043065832,
    0.0408910103420843,
    0.047602194,
    0.3116209203878192,
    0.2660130718954248,
    0.2164341085271318,
    0.2782817046037994,
    0.1162184189079054,
    0.068958376,
    0.052407932,
    0.083880943,
    0.1522834886207423,
    0.1073122529644268,
    0.11,
    0.1291307471264367,
    0.1069280031049873,
    0.083169614,
    0.078144514,
    0.1018160741885626,
    0.1032012195121951,
    0.0579901775595013,
    0.06999642,
    0.078576865,
    0.045635296,
    0.024837232,
    0.0380857427716849,
    0.040447504,
    0.068228808,
    0.0459072139907699,
    0.054916986,
    0.069062325,
    0.07289654,
    0.074181332,
    0.053771074,
    0.070414083,
    0.168091168091168,
    0.074324324,
    0.122355541521945,
    0.1147436914775432,
    0.1045655375552282,
    0.038425197,
    0.06362773,
    0.0587628865979381,
    0.062719902,
    0.057613169,
    0.049730276,
    0.0509325681492109,
    0.104698423020647,
    0.074499787,
    0.0543628808864265,
    0.073908375,
    0.1583688952110004,
    0.094829129,
    0.077358146,
    0.1182714177407126,
    0.093867087,
    0.059173004,
    0.070290932,
    0.084188912,
    0.1181005242059821,
    0.066955494,
    0.074845245,
    0.1079282942154869,
    0.1193430656934306,
    0.093993086,
    0.069283214,
    0.1112033195020746,
    0.3360450563204005,
    0.2510162601626016,
    0.2619486597645724,
    0.2825597115817936,
    0.1070341291459702,
    0.068562722,
    0.06404533,
    0.092285245,
    0.1330208028127746,
    0.094481776,
    0.1120807665982204,
    0.1185862935055615,
    0.1143823353888999,
    0.090679522,
    0.075160659,
    0.083248212,
    0.070504732,
    0.036037668,
    0.043205575,
    0.043438584,
    0.04927751,
    0.1056928508384819,
    0.040682675,
    0.080024943,
    0.0265108323831242,
    0.017886179,
    0.018987342,
    0.0237762237762237,
    0.0345781466113416,
    0.05093088,
    0.0281238875044499,
    0.035700793,
    0.1437960042060988,
    0.1021694517736734,
    0.1302514681523867,
    0.1141043505186561,
    0.066874028,
    0.005481597,
    0.037502664,
    0.0248435054773082,
    0.095585084,
    0.06965615,
    0.084745763,
    0.089064748,
    0.094611335,
    0.01369863,
    0.049114891,
    0.056859051,
    0.1335640138408304,
    0.0484165651644336,
    0.034693878,
    0.068135002,
    0.085736404,
    0.0146640402713941,
    0.0561622464898595,
    0.0611661166116611,
    0.049149879,
    0.008193598,
    0.0273402674591381,
    0.0298248656147043,
    0.068418668,
    0.048450303,
    0.050497081,
    0.0552640783490731,
    0.3090437788018433,
    0.2522482014388489,
    0.2725515463917525,
    0.2652273126206775,
    0.1304276852758733,
    0.07576027,
    0.054923911,
    0.097122302,
    0.1265588914549653,
    0.1093348033811098,
    0.1284532817174027,
    0.1287795992714025,
    0.1187772925764192,
    0.1146182679029394,
    0.096494214,
    0.1081247435371358,
    0.1589403973509933,
    0.097504718,
    0.1099242571373082,
    0.1046077210460772,
    0.110610405571487,
    0.089306425,
    0.087517645,
    0.1007733204446592,
    0.061602762,
    0.065429024,
    0.063293819,
    0.066598985,
    0.1055017514939212,
    0.1183533447684391,
    0.059984004,
    0.1032441392375088,
    0.2164,
    0.1582962492053401,
    0.1796184271754304,
    0.1553429027113237,
    0.099243206,
    0.0155290718671,
    0.0611212305201376,
    0.052168699,
    0.1213186813186813,
    0.1072555205047318,
    0.099111415,
    0.1023214285714285,
    0.1044608472400513,
    0.041977246,
    0.079216074,
    0.077809798,
    0.1688475484786378,
    0.1169354838709677,
    0.1065558966949611,
    0.1214775323686214,
    0.123845139,
    0.085264133,
    0.088499763,
    0.073450135,
    0.122166617603768,
    0.085531136,
    0.1085786073223259,
    0.1103697024346258,
    0.1262266692322493,
    0.1013815090329436,
    0.08948165,
    0.099328548
  ],
  "source": "Kobori_2015_ribozyme_j12.csv",
  "description": "DMS scores from Kobori_2015_ribozyme_j12",
  "data_type": "dms",
  "seq_length": 247,
  "seq_length_min": 247,
  "seq_length_max": 247,
  "seq_length_mean": 247.0,
  "score_range": {
    "min": 0.005481597,
    "max": 0.3607147139944837,
    "mean": 0.09154525258758386
  }
}