{
  "dataset_name": "tRNA_single",
  "num_sequences": 213,
  "intensities": [
    0.01171,
    0.01107,
    0.01158,
    0.01452,
    0.5851,
    0.01133,
    0.01101,
    0.01157,
    0.7732,
    0.7732,
    0.7393,
    0.9889,
    0.01206,
    0.01076,
    0.6296,
    0.01718,
    0.01082,
    0.01096,
    0.01428,
    0.01171,
    0.01317,
    0.02227,
    0.01187,
    0.01348,
    0.3459,
    0.7732,
    0.2022,
    0.01078,
    0.01049,
    0.01038,
    0.01142,
    0.01078,
    0.01718,
    0.01138,
    0.0103,
    0.982,
    1.088,
    0.01574,
    1.032,
    0.01171,
    0.0185,
    0.01199,
    0.08733,
    0.01304,
    0.01133,
    0.6927,
    0.9889,
    0.8624,
    0.1909,
    0.1876,
    0.6973,
    0.01049,
    0.009711,
    0.01034,
    0.01137,
    0.01013,
    0.01043,
    1.167,
    0.8787,
    0.9889,
    1.003,
    0.9544,
    0.1909,
    1.139,
    0.02178,
    0.1854,
    0.01057,
    0.01171,
    0.01171,
    0.188,
    0.1847,
    0.01437,
    0.01773,
    0.06994,
    0.01076,
    0.01082,
    0.01033,
    0.01171,
    0.01153,
    0.01153,
    0.6973,
    0.5851,
    0.8787,
    0.01348,
    0.5851,
    0.01063,
    1.11,
    0.009825,
    0.6973,
    0.1925,
    0.01049,
    0.4496,
    0.01861,
    0.01137,
    0.01344,
    0.0107,
    0.01069,
    0.3459,
    0.02797,
    0.1626,
    0.1876,
    0.01065,
    0.01273,
    0.0125,
    0.01137,
    0.8787,
    0.01117,
    0.6296,
    0.01155,
    0.9721,
    0.01133,
    0.01062,
    0.01049,
    0.6927,
    0.0118,
    0.01063,
    0.01119,
    0.01365,
    0.0185,
    0.015,
    0.01064,
    0.01034,
    0.01262,
    0.01574,
    1.005,
    0.096,
    0.1767,
    0.1884,
    0.188,
    0.01171,
    0.4496,
    0.02465,
    1.11,
    0.4875,
    1.041,
    0.01145,
    0.01042,
    0.01293,
    0.01101,
    0.01062,
    0.01063,
    0.01097,
    0.009842,
    0.01003,
    0.01708,
    0.01013,
    0.01092,
    0.01289,
    0.01119,
    1.005,
    0.01137,
    0.01062,
    0.0107,
    0.0102,
    0.0107,
    0.01003,
    0.01058,
    0.0107,
    0.01033,
    0.01107,
    0.01087,
    0.01178,
    0.8532,
    0.01002,
    0.01087,
    0.01117,
    0.01117,
    0.01092,
    0.8624,
    0.5354,
    0.1909,
    0.01097,
    1.044,
    0.01142,
    0.01034,
    0.01051,
    0.01133,
    0.02227,
    0.01428,
    0.01773,
    0.01043,
    0.01059,
    0.5851,
    0.01155,
    0.01165,
    0.5851,
    0.01138,
    0.02178,
    1.119,
    0.0178,
    0.01182,
    1.055,
    0.01101,
    0.01073,
    0.3459,
    0.01304,
    0.01178,
    0.012,
    0.6927,
    0.1876,
    0.9838,
    0.01158,
    0.01138,
    0.01142,
    0.01428,
    1.067,
    0.06994,
    0.01152,
    0.1829,
    0.01574,
    0.015,
    0.01182,
    0.02297
  ],
  "source": "tRNA_single.json",
  "description": "Ground truth experimental intensities for tRNA_single"
}