{
  "dataset_name": "ERBB2_HUMAN_Elazar_2016",
  "num_sequences": 326,
  "intensities": [
    0.2604845295222123,
    0.3016870189207992,
    0.2538522774013426,
    0.3412268665734025,
    -0.0663628656196727,
    -0.3705084973999033,
    -0.4508812659817596,
    0.5092847066323881,
    -0.1737708444912618,
    -0.3331168208126248,
    0.3604635111092885,
    -0.90251189388514,
    -0.0101465831700074,
    -0.1048215201165126,
    0.7947973861848201,
    -0.4618122254072591,
    0.2824704857001164,
    0.4212743377089293,
    -0.8436725066699053,
    0.5650957621483181,
    -0.0501504539080359,
    -0.1303567750199118,
    -3.9297121164543487,
    0.6965475449218158,
    0.54719497313055,
    0.0804390425392769,
    -0.0632651699655477,
    -0.1955352525344287,
    -3.1357407630454266,
    0.0013586349677806,
    0.2990204667026635,
    0.1240374184517898,
    -0.7314591488211383,
    0.0674896049531667,
    0.2883823264185419,
    -3.2024042365975967,
    -1.4130650417752733,
    -0.4400136645433815,
    -1.4916454807698711,
    -3.61340607833526,
    0.005992053156186,
    -0.6147508668997987,
    -3.7355509326684633,
    -3.5002783118466634,
    0.2733936586222012,
    -1.5748920848687509,
    -3.1631529954405404,
    -1.4011797324783992,
    -2.934591484960434,
    -3.5233773935603065,
    -2.229090565887573,
    -1.6839578861920048,
    -4.7593963888242286,
    -4.573279396282653,
    -3.5233773935603065,
    -5.055471146619515,
    -3.559535913304852,
    -4.062632580234206,
    -2.8450270440391483,
    -2.9174114510565707,
    0.1053043762430977,
    0.065224202682644,
    0.064048053600756,
    -0.1415062754194643,
    -0.1007303138852258,
    -0.3599392793336478,
    -1.227108280054641,
    0.4889593092161215,
    -0.1653664018605549,
    -0.1167126640277645,
    0.2298362468484852,
    -0.3705666429630813,
    0.1248645505658959,
    0.6370723658356833,
    0.1388355253309213,
    -0.0309143284502379,
    -0.6213167652651733,
    -0.2000613017240541,
    -0.9237477200089526,
    -0.2687332265422561,
    0.640398079680885,
    -0.2881092843453861,
    -0.6880651238924997,
    -2.1080210530272763,
    0.2389278705753132,
    -1.318919575491606,
    -1.2177029662210497,
    -0.5063152332297527,
    -1.6301206855183832,
    -0.2644846849452596,
    0.1930054743455738,
    0.3319747859168048,
    0.1808726668570441,
    0.3780778850745498,
    0.1805392415623277,
    -1.0720789476941222,
    0.2962612347914065,
    -0.411772732660332,
    0.1567399270374942,
    -0.7484216506778565,
    -2.1748160363779703,
    -0.9794041140936872,
    -2.9164815850839965,
    -0.3257263320295213,
    -0.1424022310888233,
    0.2239458965986002,
    -1.3927214381854471,
    -0.7814354122356113,
    -0.923344686896856,
    -3.4643500949995976,
    -0.1397362671897524,
    -3.4129341352166533,
    -0.3679392723771375,
    0.0713609442358131,
    -3.7885988425882338,
    -3.47119501086408,
    -1.8944877848110613,
    -0.7311325248688502,
    -0.3178457636322918,
    -1.5818925703138735,
    0.4518686029376813,
    0.2434016544882376,
    -0.0693050105872244,
    0.0626660315071243,
    0.271584202489523,
    0.0398574983589661,
    0.3958524589591405,
    0.4426871666171041,
    0.6168726515964037,
    0.042815839336371,
    0.0453374490125749,
    0.8160988185778928,
    0.1766244242238977,
    0.3487488074334113,
    0.8266162883475686,
    0.3280998266206079,
    0.1608038462047313,
    0.4509983217305786,
    0.0584539948036834,
    0.4220001748895633,
    -2.2678893151704,
    0.4697066145174811,
    0.0733093994917819,
    -0.2415906827099986,
    0.2127276127855492,
    -4.315770873222645,
    -1.6707801411583298,
    -2.540030276071496,
    -1.34711457303634,
    -3.1594004797367767,
    -0.3161034780387842,
    0.2618735841940461,
    0.4990172647165712,
    -0.0707267758863048,
    -0.2977022858712331,
    -1.460496854267893,
    -0.0824606766259532,
    -3.829879858530103,
    -2.3311930198734303,
    -0.6892862067300911,
    -2.5914723176403527,
    -0.8723279363018739,
    -0.1910344435903705,
    -0.5313418826117452,
    -0.2398164771561778,
    -0.4843676060214989,
    -1.1271252011841348,
    0.1365001271483285,
    -0.115707879370119,
    -0.1539638659231935,
    -0.2461652783825479,
    -2.762990778056043,
    -3.09094856464026,
    -3.06974744032341,
    -0.2635199139915469,
    -0.4642964895867938,
    -0.2155718910509514,
    -0.5021945751241749,
    0.0929542136327649,
    -0.444704930450067,
    -0.6087270248411023,
    -1.3725217239461676,
    -1.3143865448108674,
    -0.032941280321042,
    0.2867415457899505,
    -0.3240754020457314,
    0.3386691862941351,
    0.1582704522716438,
    -0.8160541454524779,
    0.4815844711638604,
    0.4252329950560981,
    0.4155551694684639,
    0.0027743595801405,
    0.1964150715930236,
    0.0647765717262107,
    -0.1714592617044393,
    -0.4119760976379652,
    0.4301933975581077,
    0.7044674349494022,
    0.1471914166024408,
    0.963217285626482,
    -0.2871926178078624,
    0.4724604684099292,
    0.0997360429629046,
    -0.0335854610289224,
    -0.485207006737099,
    0.7654675698730777,
    0.3485760733192196,
    0.3733971928969281,
    -1.1590513133484823,
    0.3141713042322468,
    0.0822155238096271,
    0.2566083829868333,
    -2.0090006531768103,
    0.7518680465970181,
    0.509525279354788,
    0.4246381810329821,
    0.3898586001292343,
    -0.0534144487291369,
    -0.2909065847776677,
    0.4123920756599562,
    0.1684314268612389,
    0.2910679707067031,
    0.3518127825036246,
    -0.5338521566666578,
    -0.0782249803363641,
    0.0215531347709448,
    0.38331407164434,
    0.5063638251473461,
    0.5485348066955399,
    0.2290562860603559,
    0.3280643868587749,
    -0.0072917495673207,
    0.5946794449191348,
    0.2911165651084342,
    -2.031952265641515,
    0.1947941701193164,
    -0.022148960001017,
    0.4695401520183621,
    -2.5256194180075853,
    -0.6826292600141661,
    0.0414571595664632,
    0.2611189461782419,
    -0.0988532784810334,
    0.2298362468484852,
    -3.5233773935603065,
    0.5329507295143541,
    -0.1482055125329682,
    -0.8755209287075499,
    -0.0202698115249774,
    0.4030714833586302,
    -2.1775762841684427,
    -4.663100974454504,
    -2.4763102213500794,
    -3.3107592350098245,
    0.2911261628040299,
    0.4548234196405221,
    0.2222561886678846,
    0.1837859471544418,
    0.2247339465687325,
    -2.5434123108622986,
    0.4480517552257303,
    0.2618782769263732,
    -1.5251977452853738,
    0.5507908237305263,
    -0.4727441639067922,
    -0.8380056622116421,
    0.2685552765279216,
    0.0104811025527405,
    0.4228608650530613,
    -1.1053863072753911,
    0.0148538856224883,
    -1.6150552967176963,
    0.2598927488073499,
    -0.1650646150903747,
    -1.5014722437335415,
    0.3211699873565056,
    -0.1233010896832455,
    -3.158772832112573,
    -0.5567148103207423,
    -1.8636201753092576,
    0.0636644694726304,
    0.1048844947615246,
    0.5910585500155167,
    0.2023668107312692,
    0.4005250953728794,
    -0.2646936311501139,
    -1.0914887356378802,
    0.2386204183019849,
    -1.8076849404565407,
    -0.9068689630837627,
    -0.1419209319794159,
    -0.5554137832482192,
    -0.8682023853124846,
    -0.6644593205596997,
    0.1852186731676808,
    -1.1865943101381575,
    -0.5806136990055983,
    0.3833078607578799,
    -4.381281260635878,
    -0.1525942011047103,
    -0.4753243433022998,
    -1.0134964307949028,
    -2.7593987207074604,
    0.0069901080074043,
    -3.623056971637866,
    0.0530329769324603,
    0.2909778740206389,
    -1.3166753613889817,
    -1.8488345994175728,
    0.2155420132560861,
    0.1060109184201594,
    -1.2486359721312414,
    -0.3193948630181893,
    0.0706300332267563,
    0.0514854962992261,
    -0.1227090546463604,
    -3.1511907537564463,
    0.4248466768383701,
    -1.7830968001039882,
    -3.2425323976036067,
    -0.1047334331656417,
    -2.8936123439155104,
    -0.1866053939228204,
