{
  "dataset_name": "GLPA_HUMAN_Elazar_2016",
  "num_sequences": 245,
  "intensities": [
    0.5731540107053236,
    0.7657046042662339,
    -2.4605069376461195,
    -2.2302380868121587,
    1.1221807866022455,
    -1.7711474509009175,
    1.2419257019225771,
    -0.8171613299101559,
    -3.246549273954656,
    -1.2949510173710497,
    -2.1352340490885684,
    -1.0803903747710348,
    0.8895553308852344,
    0.6499985730780466,
    -1.1954652558118954,
    0.8142873340727627,
    0.1692099060192551,
    -2.4616799858460285,
    -2.5408656195854573,
    -0.46611083967203,
    -0.171329791824511,
    0.1085834442200329,
    0.1723499742137679,
    0.9503149912949888,
    0.1970556060268626,
    -0.8061934265005873,
    -2.4029232579693702,
    -0.3026278477050344,
    0.2560973328796212,
    0.0764424488508319,
    -0.3026892216003496,
    0.0412233315412858,
    0.2520987774220208,
    0.5971252056416669,
    -0.3126798542510293,
    -0.1257045288277136,
    -1.2087138543840772,
    0.2374143359768372,
    -0.4179503504862669,
    0.1380249169138393,
    -2.718584761705249,
    0.0824126641404398,
    0.4257367137744781,
    -2.430731026031375,
    -2.3497261409348105,
    -2.067015272105449,
    -2.0147894297365534,
    -1.0861240923593871,
    -0.5521678616514835,
    -0.1435763181194746,
    0.4024077682891184,
    0.4244239285630128,
    0.3290593405903627,
    -0.5353911766661829,
    -1.8720820569210168,
    0.940126309380106,
    -2.105861359620893,
    -0.1097706557683946,
    -1.6714799149030843,
    0.8298582623424229,
    0.5324725225023258,
    -2.328070017295201,
    -2.421037103108473,
    -1.8847382283770129,
    -0.2940896764850771,
    0.0686672993196344,
    -1.0065694959765037,
    -1.1923199052119415,
    0.112882758310829,
    -2.70865991497992,
    0.1041393868638077,
    -0.9120745367594756,
    -0.9978678213854492,
    -0.6555174682311904,
    -2.2413670595009934,
    -1.281677642074354,
    -3.4361815927200965,
    -0.2139887855564362,
    -1.3461337955090251,
    -1.11231754336821,
    -2.7564279197581394,
    -2.2711216569745862,
    -2.035404760741169,
    -0.4970092414977735,
    -1.0633971270466174,
    -1.7067847783301682,
    -1.2725498917492215,
    -1.6602626460107843,
    -2.539672136312838,
    -1.7200401005503032,
    -2.3556424993970047,
    -0.0048457040188555,
    -2.715169268821804,
    0.7592811313847032,
    -0.7809201302191916,
    -1.0466249997930277,
    -3.4083587742424006,
    -2.107613952808289,
    -0.5478731164416881,
    -1.184716244063832,
    -2.8411013596769683,
    -0.1589415818604835,
    0.5482300048193836,
    -2.681185061657969,
    -2.7546397150486266,
    0.4495665335388163,
    -0.6223856859912883,
    -0.3252880436269692,
    -2.4202170882255083,
    0.7179595863131344,
    0.7572397840216254,
    -1.186948121900964,
    -2.4862238238160907,
    -1.4194956933337664,
    -1.026046163078944,
    -0.3789668087211256,
    -0.1438849237084128,
    -0.1336152074146968,
    -0.0654571525933224,
    -0.5325670846236216,
    -1.2302323808775162,
    -1.4325947464235076,
    -3.576447834331649,
    -3.676678912813464,
    1.2712286654145666,
    -2.897997503834525,
    -3.2026385066498344,
    -3.4401179389558982,
    0.345038916276502,
    0.089516502098315,
    -3.3907814931071973,
    -3.1351631292355604,
    -2.73014115576292,
    -2.9907765324723017,
    -3.095395741742044,
    -1.4814645662424102,
    -0.3622978140873832,
    0.0872472367131096,
    -1.5843514528604148,
    -0.1265384629288524,
    -0.735631294861131,
    -2.72099115574118,
    -2.432971159735721,
    -0.0486293476847651,
    -1.886071311303492,
    -2.8908004153080533,
    -1.6895318405043631,
    0.1001501042557839,
    0.1043204428304797,
    -2.6644343920790914,
    -2.9440430666715454,
    -3.376083397184236,
    -1.5242692600035588,
    -1.1776678280758923,
    -0.7716568222287487,
    -0.3472100989950925,
    -0.7083799294767716,
    -2.463050478268594,
    -0.2046610041326841,
    -0.3206033359567001,
    -1.970725940505602,
    -1.7031552111974226,
    0.2133960425396214,
    -0.8238391845199078,
    -2.159106902514199,
    -1.3423555673775065,
    -1.8673839514823485,
    0.0883437842038139,
    -1.2053902426802034,
    -1.890283732347276,
    -0.8589231035545632,
    -1.4811669437209845,
    -0.1878235627965154,
    -0.7529566292402979,
    -0.2460307925225185,
    -1.4484300517169597,
    -0.6467821613732563,
    0.6373353283937274,
    0.8332236873268309,
    -0.8198702144900678,
    0.6934200145564976,
    0.3537369086673886,
    0.0484995952312924,
    0.6484690764398163,
    0.2323123069842817,
    0.9477415066646722,
    -1.104984207329048,
    0.9806315309171946,
    -2.346210183608956,
    -0.5724934189960595,
    -0.2174015900984205,
    -2.5523398214936583,
    -2.7232924839925525,
    0.6437064350067485,
    -1.3763626927877213,
    -3.0688325222230004,
    -2.9592102072021658,
    0.0244454086583511,
    -1.6069513152697408,
    -2.307582919967585,
    -0.9414819077229308,
    -1.3308413200872131,
    -3.2783939806230324,
    -2.847552058303034,
    -2.32086210047495,
    -0.6405631317953483,
    -2.2294817502041187,
    -3.066634657406756,
    -1.0497458398784123,
    -2.2710843745531832,
    -0.6428117657748503,
    -2.4159681644134445,
    -2.510526256973396,
    -2.9033878902387635,
    0.1736627856617899,
    -3.0122606697465035,
    -1.7695428908759874,
    -2.341798409149777,
    -1.1984262938879533,
    -0.9227392479781016,
    0.0453315418990044,
    -1.9355294884388767,
    0.7532734040494722,
    -0.3857136414994747,
    0.4535537009508097,
    -2.9425144403540284,
    -2.912177858331296,
    -1.9463932508467376,
    -2.3340831816708087,
    -0.3403415987599005,
    -0.9448109251172758,
    1.144675671482026,
    -2.1622943118648728,
    -1.9619461801643745,
    -0.0941578584393604,
    -2.326441009497484,
    0.1848092120391024,
    0.3882360993530463,
    -1.5052271991177877,
    -1.2631577336306612,
    -1.5901574730338368,
    -3.043030610561216,
    -2.981982939876893,
    0.0103625294995118,
    -1.6486585613941134
  ]
}
