{
  "dataset_name": "LYAM1_HUMAN_Elazar_2016",
  "num_sequences": 359,
  "intensities": [
    -0.5293968448336013,
    -2.500636972575616,
    0.9127075136807208,
    -4.106977768275214,
    -2.747394685396497,
    -1.9855954955722268,
    0.1917725609550559,
    0.5913973138866996,
    -0.3771099850764961,
    0.0398192507145959,
    -0.3643829164760297,
    -1.3236946751623158,
    -2.6333144195008025,
    -2.9683818080774427,
    -3.5305608251727807,
    -3.780050853601668,
    -3.617022551651424,
    -0.2112696061190534,
    -0.8778365329056236,
    1.068440574606692,
    0.5354348408415781,
    -0.1227292030760162,
    -3.86571871124292,
    -1.0259078774913042,
    0.4952745167148306,
    -2.8357440006440093,
    -3.614933555539391,
    1.9239936536054507,
    -3.251927251712163,
    1.3693470074768552,
    1.1770804959356456,
    -2.551596786626454,
    -2.092824112680279,
    -2.9887602114383687,
    -1.2956538954019712,
    -1.909142229184521,
    -1.912932732342712,
    1.2031195326155528,
    -0.5661682351902062,
    -3.4039722596182123,
    0.6569811155341271,
    -0.259607128987377,
    -0.1745826765673179,
    -2.1051125924688017,
    -3.4786282048483947,
    -4.069211217810591,
    0.4707407332335382,
    -2.2274012666728216,
    -3.5402684562186275,
    -3.797194451790375,
    -1.3817190684484335,
    -0.6055232883527021,
    0.3948876848818305,
    -2.9644156016584,
    -1.0798707311781923,
    -1.9114445816239591,
    -3.9913525465269295,
    -2.531241840916058,
    -2.7423313880978046,
    -1.6324716256538694,
    0.0735023829334104,
    1.1335060089723892,
    0.2552238388129931,
    -1.3576242540215484,
    -1.5212044646512342,
    -1.8886663574748104,
    -2.2384517853102084,
    0.1463751953976462,
    -0.7266081243521135,
    -0.1840971359542355,
    -1.4287288825787117,
    -1.2464163273342623,
    -1.5989218832831176,
    -3.814879260913864,
    -1.4493261300595146,
    -3.9313997721217016,
    -4.113479804015828,
    -4.117307091168982,
    1.506711038307997,
    1.4817947054007814,
    -2.6946237078661346,
    -4.484711087413476,
    -4.1074293209538455,
    -2.628039334993308,
    -4.239670015840525,
    -2.166260010577921,
    -3.296769891924467,
    -2.337947098474172,
    -3.7769517140061386,
    -1.6866600794331523,
    -4.013659929108496,
    -3.487558651971633,
    -1.4533707296317693,
    -1.0159554284344965,
    -3.080113317125788,
    -4.734996885274554,
    -4.1324498814862825,
    -3.7223829694935486,
    -3.8705744838872738,
    -2.0969904304848384,
    -3.210161968714569,
    -1.1743611206636422,
    -1.559331131594304,
    -1.3391308432290892,
    1.6403745507381755,
    -0.1899702780101568,
    -1.5128554134033034,
    0.7054573245614605,
    0.9859598061730536,
    -1.66575247467365,
    -3.792383953050447,
    -3.099734217227128,
    -0.3265002008892146,
    1.5220614843301823,
    1.1961210347102156,
    0.4209141511686096,
    -0.9505848966008322,
    -1.1075614011549586,
    0.8762741078958405,
    -0.5415185957203462,
    -1.1164520503648416,
    2.055378786161897,
    1.190150407571219,
    2.696272646906774,
    1.007835629652026,
    0.7066826352374626,
    0.0162928110956944,
    1.3897573924221005,
    -0.1047555523198591,
    1.839435206193628,
    0.7768686849475227,
    -0.0751418208712876,
    0.0841065639454489,
    1.7352343899056877,
    1.665237185719962,
    -1.0630393060314258,
    -0.7785739544387975,
    -0.2496096608936987,
    -1.1307219047247836,
    -3.6718108232857727,
    0.9376952360271932,
    0.7399968969847552,
    -1.8501457445754887,
    -2.2375370432920985,
    -1.3766209837265098,
    1.5606700734330454,
    -1.2204098538434736,
    -0.4227237085497833,
    2.6032571531621924,
    0.2170476889716361,
    -1.9385515196742096,
    -3.872114823356179,
    -3.645765023896664,
    -1.389926853375501,
    -4.2412836099080335,
    -2.231348851483072,
    0.7578340214595055,
    -0.3332159845584066,
    -1.1497647433379394,
    -3.1756043494193564,
    -3.877651118792663,
    -2.381229641893788,
    -1.6885487633986969,
    -0.3785547856175061,
    -3.546134180828781,
    -4.172945346276962,
    1.91430704033383,
    -3.331865774071664,
    -3.941572258668397,
    -3.9747689169132094,
    -1.2801206074496967,
    -1.8727130355464403,
    -1.529151043076475,
    -1.5640404157621048,
    -2.2996211382078147,
    -4.6322506112407735,
    -2.713074084409193,
    -3.851860517766794,
    -2.5501982931998213,
    -3.9206466873050334,
    -3.484237694657544,
    -4.154714701704986,
    -4.467769219149358,
    -1.1769433516897083,
    -4.137317644691334,
    -4.126441228747357,
    -3.608560927010617,
    -3.068151075441693,
    -0.4705838508286126,
    -3.916306858931528,
    -3.9913525465269295,
    -4.292877504268859,
    -4.348746751483427,
    -1.7998155331544878,
    -3.927634345479439,
    -1.7293151908570117,
    -1.540302293185395,
    -3.9793611977961314,
    -2.8884068951839894,
    -4.266038554489161,
    -3.19177146602492,
    -3.4936430084911345,
    -2.5329840085997866,
    -3.605905607843949,
    -3.4562014461168062,
    -4.84129811302313,
    -0.7878150190920243,
    -3.974711151796204,
    -2.123502925332684,
    -0.4423653558593871,
    -1.6384283223960503,
    -3.619803757684021,
    -2.1819886698561293,
    -4.153721895543503,
    -2.4408898387871,
    -3.530794054386773,
    -4.340035484365283,
    -3.7734566243260734,
    1.2953271996988682,
    -4.501396054918829,
    0.4387571949000391,
    -0.3202175170793285,
    1.4881761442979482,
    -2.451725724501391,
    -3.775399692593748,
    -4.121349831811181,
    -2.3145337657235414,
    -3.4615663228153624,
    -1.7339898849715654,
    -0.5092695743083203,
    -2.274894195371917,
    1.2271248491548086,
    -3.163113457492688,
    -2.917354000135952,
    -0.1366814852401477,
    -2.2918574623582675,
    0.9097301974076216,
    1.046604345754484,
    1.5978635771930472,
    1.7650183974358693,
    -1.3068416040199846,
    -2.494156394665794,
    1.1583309559944748,
    1.2771191529678083,
    1.186613263620854,
    1.8838169147050587,
    0.5826686139475318,
    1.1607951812641952,
    -0.4232527383409917,
    -3.5241558246053817,
    0.6868983002668942,
    -2.3394090655557327,
    1.5084955143508998,
    0.2039565424037677,
    0.7941503555422801,
    0.1562961197071548,
    0.0384899327679708,
    1.0670367638354532,
    1.86341203097552,
    0.8149957819576086,
    -0.8248988664146445,
    -3.2191159662706434,
    1.49095102945162,
    -0.7719256887017752,
    -1.7435825086114585,
    0.4877015289264589,
    -1.2649474871676742,
    1.2682116428828505,
    1.7598642121134045,
    -0.9867575773145228,
    -2.357555394103956,
    -3.439076904854067,
    0.3204117664418437,
    1.49280755735644,
    1.7784884009427857,
    1.6833211466291709,
    0.0867906559278585,
    1.942319510068509,
    0.7308950848834606,
    -1.3061387675605565,
    -3.7290294111991193,
    1.180074091493284,
    -2.933248078924846,
    -2.627524998932585,
    1.2877622621234122,
    -0.9375913456355812,
    1.1308693185102408,
    -1.1785711329629092,
    -0.5433388209796202,
    -1.6363502161934669,
    0.7083929170886171,
    -0.4108214055417719,
    -1.575415982333411,
    2.3443817695220024,
    -1.759695140224704,
    -1.6431310540833246,
    -2.558857991636728,
    -3.909766758616639,
    1.6840757069192194,
    -0.5547524169302338,
    -0.2866714485828141,
    0.620623630993639,
    0.0513736824269041,
    -3.184592120610976,
    -2.8130294063360552,
    -3.416240809134853,
    1.794572677884264,
    -1.5769687726010635,
    -2.3635704403284423,
    -0.7264108869896284,
    0.3588721039247973,
    0.5818886176900899,
    -0.0149899704442356,
    -1.4019175272391955,
    0.7507627149617552,
    1.237906949772314,
    -1.6540523871659731,
    0.4987961996692602,
    -3.20682228749027,
    1.2535660638132986,
    0.95006086858879,
    -1.7204420526553084,
    1.1348514314504023,
    1.39782292478213,
    1.3421460666711538,
