{
  "dataset_name": "NPC1_HUMAN_Erwood_2022_RPE1",
  "num_sequences": 63,
  "intensities": [
    0.489489968,
    0.4831500875,
    0.480311031,
    0.577879145,
    1.053950411,
    0.195394936,
    0.413866121,
    0.649752598,
    0.00923688,
    -0.0391920139999999,
    -0.006864253,
    0.787310629,
    0.0882950139999999,
    0.3378796245,
    0.6017944,
    0.94846008,
    0.878111924,
    0.639258161,
    0.929039823,
    0.976190867,
    0.89113784,
    0.994630844,
    0.943902168,
    0.98486164,
    0.897440294,
    1.030976673,
    0.959000941,
    0.956758459,
    0.320818317,
    0.961547232,
    0.136736421,
    0.936562062,
    0.948871243,
    1.014541033,
    0.9646400079999999,
    0.966988146,
    1.012798595,
    1.003233926,
    1.007603884,
    0.943030175,
    0.851332563,
    0.684129534,
    1.000852013,
    0.10893055,
    0.0391920140000001,
    0.01297504,
    0.088817633,
    0.029949188,
    0.033786899,
    0.105162427,
    0.34973713100000003,
    0.836479783,
    0.467523193,
    0.934607507,
    0.962922815,
    0.691882215,
    0.723562856,
    0.936323854,
    0.662412935,
    0.985273503,
    0.890809269,
    0.875586307,
    0.954953895
  ]
}
