{
  "dataset_name": "O15151_PF00641_299",
  "num_sequences": 579,
  "intensities": [
    -0.341546353887616,
    -0.4676241749158,
    -0.214354683939097,
    -0.23326482791764,
    -0.31070863957352,
    -0.216135412333072,
    -0.870384292010806,
    -0.104922635311601,
    -1.28431361421901,
    -0.302836363714357,
    -0.0794085707165923,
    -0.200385564768221,
    -0.750418937041583,
    -0.545886194859766,
    -0.290681071978237,
    -0.270449614291748,
    -0.111478893309343,
    -0.162491134959787,
    0.080727236501275,
    -0.0995261677027976,
    -0.149697693717424,
    -0.126109993295823,
    -0.0942925473746325,
    0.0560975782759132,
    0.262974526921947,
    -0.185056737002095,
    -0.221677515721308,
    0.0974131249393894,
    -0.0369689806282205,
    0.235602944158353,
    -0.0544691054695276,
    -0.219585656344,
    -0.170041688142566,
    -0.116881980726303,
    -0.229561707235151,
    -0.535336868582301,
    -0.0889331506915024,
    0.0216229413608887,
    0.38390121043159,
    -0.115892981387791,
    -0.189419190576926,
    -0.266441982434081,
    -0.559449916979165,
    -0.0625479193431587,
    -0.285987627995604,
    -0.165108607104685,
    -0.187251865386638,
    -0.38829967576279,
    -0.0854643712177375,
    -0.29833489416825,
    0.0806173476858848,
    -0.133684377787963,
    0.145729780708693,
    0.0710914437493433,
    -0.136988986019458,
    -0.0772822883368723,
    -0.208105585039795,
    -0.218932943259814,
    -0.425044509686846,
    -0.342739243317334,
    -0.0201308366025174,
    -0.0594180740469831,
    -0.494000668117378,
    -0.576997572043033,
    -0.0997088744079042,
    0.0880950829789476,
    -0.262745481559748,
    0.166918462654546,
    -0.540672831144558,
    -0.460166563839532,
    -0.708018271425169,
    -0.188758533722953,
    -0.316486408132111,
    -0.0874357500866063,
    -0.181985146017693,
    0.0330725615475753,
    -0.215890479431298,
    -0.0473673752797281,
    -0.209209769040223,
    -0.241665364467655,
    -0.254681231264061,
    -0.0664443384238038,
    -0.248874335549582,
    -0.133514910699169,
    -0.206871652799509,
    -0.292469744141999,
    -0.305109605835141,
    -0.257195434401725,
    -0.0802638499303526,
    0.0755015599428971,
    -0.557760674333907,
    0.0244641630214608,
    -0.255900599926403,
    -0.203017600491063,
    0.314180066970547,
    -0.140286974442798,
    0.259981049673786,
    -0.316837257964381,
    -0.272152228949481,
    -0.0033999334689421,
    0.0083846490104398,
    -0.011209983131438,
    -0.298419627712647,
    -0.0137996520820811,
    -0.0623744803694705,
    -0.156526687811195,
    -0.15882376124134,
    -0.220672628843221,
    -0.269795577245931,
    0.0116283550068997,
    -0.235867736484595,
    -0.167880982760434,
    -0.0364870585944608,
    0.132966790583848,
    -0.141810854280318,
    -0.191072818654304,
    -0.0437119172159628,
    0.0079212624395172,
    -0.193433442242748,
    -0.136395851208677,
    -0.22410168946805,
    0.0476321676059692,
    -0.138339426883291,
    0.0514703323748413,
    -0.0475633216011468,
    0.052582460145056,
    0.0630113059140812,
    0.0508004077894499,
    -0.887671523821815,
    -0.215502558673354,
    -0.110064902287213,
    -0.718949295840911,
    -0.0333903123390654,
    -0.108632375802246,
    -0.34889434094082,
    0.0448981868375247,
    -0.888256317674319,
    0.10442879762316,
    0.0615734835825892,
    -0.678259453444344,
    -0.0750553848731804,
    -0.0166117465867668,
    -0.610066426498041,
    -0.496193016182495,
    -0.130428756136823,
    -0.0832162843679464,
    -0.66655920732087,
    0.178045036203218,
    -0.0388728374538976,
    -0.117063363469778,
    -0.007219562774977,
    -0.316220291844239,
    -0.128849269910792,
    0.0457468462431292,
    -0.577692254710928,
    0.496670966331361,
    -0.305935757893015,
    -0.224506821727199,
    -0.235809482172822,
    -0.10246668648571,
    -0.0988218201149949,
    -0.209967075093273,
    0.115101252332328,
    0.0263203572284145,
    0.1285950692776,
    0.294129992027533,
    -0.325685293545744,
    -0.211807381760653,
    0.0687122846980628,
    -0.147053742339902,
    0.219556529188113,
    -0.160249667918151,
    -0.0352067876970828,
    0.261233517376908,
    0.169203620430011,
    0.0619481647242212,
    0.148749737189479,
    0.141105182730884,
    0.124690706427167,
    0.111334581491541,
    0.0410348667976597,
    0.341272293829956,
    0.160867957999925,
    0.215386050049807,
    0.139595866471307,
    -0.013946611823145,
    0.0757597324609827,
    0.165267482500429,
    0.0919305998245571,
    -0.0483510787717156,
    0.0439925970817785,
    0.0099005850781731,
    0.120360027931486,
    -0.0582119450009525,
    0.244387429581418,
    0.30749803261784,
    0.0178284673258463,
    0.30708098470401,
    0.0996678315973363,
    0.0108445697212244,
    0.0437225089090121,
    0.0153950258476863,
    -0.284573636973474,
    -0.864322136493831,
    0.18078828470308,
    0.0272206511376357,
    0.0516821662358344,
    0.23691499013488,
    0.0274192453823171,
    -0.0732746564792057,
    0.0501781458227822,
    0.202535678457303,
    -0.0107796956012956,
    -0.0286002191573549,
    0.213042637962569,
    -0.464765344565533,
    -0.115846642730698,
    -0.0549099846927198,
    -0.179584803580313,
    0.0835340351594361,
    -0.062142787084009,
    -0.0234817834911049,
    -0.92131338887081,
    0.377934115359736,
    -0.102656012998973,
    0.216702067911228,
    0.376183838083279,
    -0.0095629748622153,
    0.447566553391488,
    0.367727695144753,
    -0.328545050669154,
    0.36791040184986,
    0.0793622320594996,
    0.941359227136603,
    0.228961952616214,
    0.0144788443988905,
    0.33451479366427,
    0.211843128724695,
    0.342678341082298,
    0.396323942417214,
    -0.0053157059493,
    0.032454271465801,
    -0.0049939832729167,
    0.0925727212156931,
    0.253555863877533,
    -0.0378931058468036,
    -0.0435252386259625,
    -0.407859222921441,
    -0.10784726655494,
    0.156731901864032,
    0.0207835496867026,
    -0.234306785721401,
    0.0448319887559643,
    -0.0983796169301714,
    -0.306510357240959,
    0.343399900171307,
    0.0030014210179484,
    -0.307924348263089,
    -0.107962451216855,
    -0.154830692961617,
    -0.121452296277233,
    0.0154215050803104,
    0.0070858426502249,
    -0.0440164283911406,
    0.109723320186361,
    -0.312023333473309,
    0.172676371788669,
    0.178533578045133,
    -0.127124147905328,
    0.125650578609793,
    -0.162075411007587,
    -0.0669302323424571,
    -0.138600247324639,
    -0.373501756610778,
    -0.0310879430623946,
    -0.333830305500936,
    -0.195183719519205,
    -0.230636764079692,
    -0.196411031951335,
    -0.668431951048213,
    -0.469968910964669,
    -0.186302584897062,
    0.162480543266737,
    0.0132753632761223,
    -0.212397868648171,
    -0.12484693389965,
    -0.13485343590832,
    -0.219327483825914,
    -0.51924464453962,
    -0.198069955875239,
    0.090668864390016,
    -0.0758841848543167,
    0.157783127399211,
    0.341958105954922,
    0.0436060002854657,
    0.0830640287803573,
    0.0275979802025302,
    0.0280851980828148,
    -0.367961506768825,
    -0.130912002132214,
    -0.18655281364536,
    -0.0941522074417244,
    -0.0168752149513771,
    -0.157068188118359,
    -0.16625383391568,
    -0.531487450139564,
    -0.0819373374321995,
    0.0055818222371727,
    -0.0335942024302714,
    -0.236948089175661,
    0.0058691219111447,
    0.120487128248082,
    0.10006634404833,
    -0.0258437310411799,
    -0.310643765453591,
    -0.322135752412476,
    -0.169239367394054,
    -0.425033917993797,
    -0.413944680163125,
    0.0467583529293722,
    -0.123026486656739,
    -0.40626490832514,
    -0.115777796725875,
    -0.396518299984676,
    -0.271549826407281,
    0.083808095217096,
    -0.0572322133938587,
    -0.045483377878519,
    -0.18324290956734,
    -0.0552542147168339,
    -0.0656115665577739,
