{
  "dataset_name": "PIN1_HUMAN_Tsuboyama_2023_1I6C",
  "num_sequences": 802,
  "intensities": [
    -0.488144665950283,
    0.1703641300352303,
    -0.2994408795810381,
    -0.7455202696957834,
    0.1476419370546473,
    0.1913491865088099,
    0.3241221313277469,
    0.0245410556319747,
    0.1664433614812748,
    -0.5129846327351122,
    -2.40156711001125,
    0.406031141181443,
    0.1575600965289769,
    -0.2832999834129586,
    0.1130623953730234,
    0.2698191321045948,
    -0.2864746880155193,
    -0.4715519538049357,
    -0.4904044612812841,
    -0.0424010452855103,
    -0.3382979836466862,
    -0.6705607449521898,
    -0.7040801583054419,
    -0.2277209633459889,
    -0.7424525229907748,
    -0.6844420472174781,
    -0.7222248258387609,
    -0.6257965727668364,
    -0.551858668391793,
    -1.1261384790165292,
    -0.3756058702858187,
    -0.561680424154688,
    -0.6655054573301911,
    -0.4197913081882403,
    -0.6959560141031544,
    -0.2679559316620554,
    -0.5868891450239442,
    -0.7296349496310301,
    -0.0604963704437602,
    -1.237380082191084,
    -0.7222941124125315,
    -1.118953293695801,
    -0.2413732481794266,
    -0.0736847944121126,
    -0.8551834139955261,
    -0.5281331683856774,
    -0.5777157802604704,
    -1.0803705974114794,
    -2.042546718500198,
    -0.459446024561972,
    -0.7153414259583808,
    -0.3020953950541329,
    -0.2050271728456882,
    0.0851277124560354,
    -0.99381659639301,
    -0.6741593940621322,
    -1.9410825805864709,
    -0.7106176756515437,
    -3.14273882651768,
    -2.283631569978423,
    -2.486264293673436,
    -0.4088869272814075,
    -0.9865393794827786,
    -1.9045814322256773,
    -1.2340469788549409,
    -1.8649575068947872,
    -2.0892421078391754,
    -2.463050662572736,
    -1.835060942999012,
    -1.4001967789369676,
    -2.1174384186115853,
    -1.227742348420773,
    -1.2434638589203924,
    -0.386391058688815,
    0.2711115817050062,
    -0.9651649372081036,
    -1.0700986005261808,
    -1.2009315103177165,
    -1.2643959646843297,
    -0.6836636042918738,
    -1.695253196271915,
    -0.548887845378029,
    -1.0187993150437142,
    -0.8483777798904599,
    -0.5077329878617158,
    -1.617285238030837,
    -0.6731069242745265,
    -0.5868284848534948,
    -1.012895064994095,
    -1.4541844711629923,
    -1.29752567738523,
    -1.4743338752100588,
    -1.419983092925926,
    0.1075020783982489,
    0.0391595304470033,
    0.1241424532263293,
    0.1883064795999054,
    0.0271100808758628,
    0.0672181722222671,
    -0.3391209501355898,
    0.0302316666781314,
    0.109345362308594,
    -0.0329519836964813,
    -0.0893785363694075,
    -0.109500274854617,
    -0.255398889616671,
    0.0339021395975049,
    -0.0699146300490278,
    0.0089391005944357,
    0.3981853787288658,
    0.092400975535428,
    0.0344821842815958,
    0.4627043193373135,
    -0.0793160307052014,
    -0.0392554075565323,
    -0.1621858870150325,
    -0.1142113600581016,
    -0.1372421317045966,
    -0.0737080507312648,
    -0.1068726392734751,
    -0.0562934637066279,
    -0.1102507495045266,
    -0.0760212461459035,
    -0.1001865977377112,
    -0.1268997008355814,
    -1.1550705519624216,
    -1.1096631459475863,
    -0.9606653260361546,
    -0.6604437539848713,
    -0.4691445925587929,
    -1.6722845310898802,
    -1.9376132441704268,
    -1.6027094211519777,
    -1.1749774099941128,
    -0.6862392608183405,
    -0.5046178197106015,
    -1.087684006202136,
    -1.8777926716631823,
    -1.3617879637882604,
    -1.850803197315763,
    -1.597220587483802,
    -0.941656820637342,
    -0.8109003403373687,
    -0.1749961435385509,
    0.4830303559071041,
    -1.298472446805662,
    -0.846576373242415,
    0.1337198404839918,
    -0.9264865090121048,
    0.4328694153531138,
    0.0994931568903578,
    0.1093462391980715,
    -0.1896987250849831,
    -0.109642231472268,
    -0.5750161435632659,
    -0.291033030990989,
    0.1467635294389708,
    -0.0432100934754648,
    0.430389662345477,
    0.5024701972954819,
    0.1279583465537306,
    0.2210578185895739,
    -0.5861425894295014,
    -0.4514993024551246,
    -0.3362260079364645,
    -0.0412130497701141,
    -1.1341228427402608,
    -0.2808089295222009,
    -0.7480307936265327,
    -0.0997166713557371,
    -0.49508225945468,
    -0.3880890878696494,
    -2.0939551302314867,
    -0.488059777241961,
    -0.706790617469552,
    -0.8062228553105526,
    -0.5793308868312019,
    -0.2050736575725875,
    -0.5269074716450786,
    -0.1073591507506739,
    0.0398215266308508,
    0.3827644817402449,
    0.1851672817155081,
    -0.0072495854775285,
    0.0755229113715314,
    0.0581060446567813,
    0.0954905939678143,
    0.0583763379195696,
    -0.1210376246374269,
    0.0672056894401018,
    0.3773989279928216,
    0.1826823502551358,
    -0.0081566586225321,
    0.0817242573985197,
    0.09997498633515,
    0.1080857030342903,
    0.110411413987181,
    -0.0972441773973042,
    0.1270961834337112,
    -1.8397903402273943,
    -0.0964292875301384,
    -0.7072358061843405,
    -1.0504019680433778,
    -1.0558147062402845,
    0.2037189810969391,
    0.2125740582548569,
    0.491678967652025,
    -1.8349196908512748,
    -0.4876971052965078,
    0.0526661049565011,
    0.1100667573237927,
    -0.6488752213764044,
    -0.3384008389657489,
    0.2861457414771848,
    -0.5889201622671414,
    -0.5680524570107166,
    -1.6402229719067247,
    0.4573361142195198,
    0.304214989610104,
    -1.4060091028992616,
    -1.6455947349300373,
    -1.7607316931355554,
    -0.8997917232321702,
    0.0811564320540618,
    -0.8484763600546719,
    -1.917629213791603,
    0.9615621906138982,
    -1.566610895400092,
    -1.7983944866208996,
    -1.7293264234807908,
    -1.4240704914618283,
    -1.136570708415651,
    -1.4914131978044969,
    -1.3731317467118356,
    -0.547679835975418,
    -1.3542634163582985,
    -0.4759659571094159,
    0.517007149444872,
    -1.3585918761000872,
    -0.2499634457347606,
    0.6271215018528169,
    0.0094127417507809,
    0.1144320209013209,
    -0.7022201215483319,
    -1.3663202820447142,
    -0.249271464628747,
    0.2153306806263835,
    -0.5357995078876274,
    0.1438592209874127,
    0.5011292758346615,
    0.551977625049989,
    0.6607041451957931,
    -1.866467774897011,
    -1.5490925389611752,
    -2.0362281164613902,
    -1.0361972907695804,
    -2.1133363217770467,
    -1.12659803897111,
    -1.677929168021849,
    -1.7853974780578818,
    -1.5347779516385915,
    -1.631199044346438,
    -1.6694519312442773,
    -1.996472467082331,
    -1.146276622833533,
    -2.180422083535817,
    -1.776218638273682,
    -2.0106868676738747,
    -1.2435961225502572,
    -0.5615159963038645,
    -1.2465206899298384,
    -0.6988513340270335,
    -0.1695012143406202,
    0.7126084978941876,
    0.170680493355714,
    -1.089880418304377,
    0.3173966713815783,
    0.0515777669870791,
    0.1100289561389491,
    -2.3580124478365283,
    0.1093143209089904,
    0.2625478673639327,
    -0.4216622150368325,
    -0.7878341243984102,
    -1.3020725276227163,
    -0.4693250912956535,
    -0.3375554477029254,
    -0.0073410488587954,
    0.0575389293620047,
    0.0568484191639862,
    -0.0674465736410816,
    -0.113892738938651,
    -0.0752372529644018,
    -0.0069603199906049,
    -0.1266591930977125,
    -0.0051755831407609,
    -0.1146628765480928,
    0.1188975843033519,
    -0.1196421035127066,
    -0.390849309841371,
    -0.0191551163296193,
    0.034208802684887,
    -0.0326884891932994,
    -0.5445544769314021,
    -0.3651553515697241,
    -2.134493275977844,
    -1.941649099071216,
    -2.124092433786384,
    -1.859327112749256,
    -1.7320977347255706,
    -1.971186418902112,
    -1.876119119586088,
    -1.947608735467237,
    -1.9814705674805613,
    -1.6196867785330955,
    -2.04014007751327,
    -2.015226061380854,
    -1.922324711409508,
    -2.8175078348604243,
    -2.062237110080183,
    -1.8693262664346533,
    -2.0277370037435323,
