{
  "dataset_name": "Q9HC78_PF00096_635",
  "num_sequences": 417,
  "intensities": [
    0.100220885829729,
    0.0676646352986962,
    0.0360349690602222,
    0.442188637451291,
    -0.128605343149215,
    0.0671038581034473,
    0.0729100978555527,
    0.281025894073799,
    0.0141942303377513,
    -0.0468032041882777,
    0.394986309558498,
    0.365850147368682,
    -0.362157893809098,
    -0.508343698945638,
    -0.198490697657265,
    -0.419778184470062,
    -0.419823325486314,
    -0.362260722457428,
    0.0063366391094266,
    -0.0938177594796492,
    -0.491279644373088,
    -0.0410003054847603,
    -0.559119855034155,
    -0.20290572013122,
    -0.119755494419475,
    -0.254901585417145,
    -0.289452926569776,
    -0.267337319463394,
    -0.547560771447126,
    -0.252351614496057,
    -0.746200647183178,
    -0.0864132080807559,
    -0.15262638442864,
    -0.204390264086725,
    -0.600841907114643,
    -0.34034079174341,
    -1.01053171803978,
    0.0643627661365638,
    -0.139640038698471,
    0.0726418587722955,
    -0.0728307993193985,
    -0.156058869705035,
    -0.0376164327921397,
    -0.302461709445822,
    -0.253424090289022,
    -0.419182624213638,
    -0.0651577527152127,
    -0.379630915267429,
    0.0878876065795886,
    -0.386214735351855,
    -0.303424724151171,
    0.23133224138071,
    -0.236751851647146,
    -0.111749099679289,
    -0.490605787396964,
    -0.434728937428555,
    0.0089962564022987,
    -0.0013985114152822,
    0.0803030015572137,
    0.449398860716854,
    -0.316579409583753,
    0.107977437359152,
    -0.284123302513096,
    -0.184194375598761,
    0.130662871528353,
    -0.0511834350816076,
    0.242519511237105,
    0.0719362684090669,
    -0.272275888829171,
    0.0475314181285438,
    -0.371957198807136,
    -0.438875746920237,
    -0.30405916335956,
    -0.314850178443113,
    -0.188620432337919,
    -0.0827277856288303,
    0.34293636373984,
    0.407768762831337,
    -0.251553781640852,
    -0.0809744360682636,
    -0.0959537878736378,
    -0.492878657249585,
    -0.313353657023849,
    -0.451404277395619,
    -0.128253338143302,
    -0.357241707919728,
    -0.379612601022311,
    -0.323509625505126,
    -0.371050323575887,
    -0.0062265798390389,
    -0.181850701671225,
    -0.530144665954464,
    0.034292138881576,
    0.234211040806539,
    0.034877014325715,
    -0.242885653467872,
    -0.332403080280033,
    -0.226331640669137,
    -0.0611999982498552,
    -0.16371668742603,
    0.106548331989308,
    -0.101357188062591,
    -0.327474853667855,
    0.0517728536688203,
    0.117574645803368,
    0.313556302685962,
    0.293757999011745,
    -0.174071273852751,
    -0.0146010285097179,
    0.125163002649413,
    -0.182202849923376,
    0.0006078223931318,
    -0.0428375236186497,
    0.0350948242933075,
    0.274744530288284,
    -0.391982372106495,
    -0.218940088285518,
    0.188491982367133,
    -0.208966861842427,
    -0.202681860209182,
    -0.341092117582127,
    -0.0583514913911246,
    -0.0599432407017539,
    -0.31995546164067,
    -0.129092375885976,
    -0.111131332393172,
    -0.0099838999368471,
    -0.350715491026937,
    0.0655492077300317,
    0.489492397189874,
    -0.344288026562272,
    0.134844747575368,
    0.503567748899713,
    -0.221076681478531,
    -0.0793534974344051,
    -0.366942136314288,
    -0.0596084783043208,
    -0.51149283070694,
    -0.189179351472262,
    0.0894129055850581,
    -0.222612564039811,
    -0.147931772700163,
    -0.393410317153951,
    -0.220029801408955,
    0.0288348596824342,
    -0.0150158378591289,
    -0.44722972022416,
    -0.551459757140665,
    0.0195155237469774,
    -0.412921533512294,
    0.0464826878325979,
    -0.0565418883577905,
    0.162046192471462,
    0.374178106393508,
    -0.19654738333611,
    -0.0376045097506951,
    -0.341738012351888,
    -0.169073251528873,
    -0.540910424984298,
    0.0349728576047403,
    0.158741119017503,
    0.0213865819676014,
    -0.0806461717208419,
    -0.005993033430886,
    0.160453090486014,
    -0.104387782799929,
    -0.174340144022018,
    0.0561136240394018,
    0.0792737049108184,
    -0.261298928529834,
    -0.0645129572757881,
    0.0032197186292202,
    -0.721460443280099,
    0.147869133205502,
    0.0378841562965156,
    -0.14048915530199,
    0.0383899190965984,
    0.189129979345867,
    -0.569702513168303,
    -0.423331448261534,
    -0.263722863692949,
    -0.582174712864156,
    -1.03209954472741,
    -0.415549779430103,
    -0.0581830304178641,
    -0.407315709524153,
    0.0489120545289175,
    0.163346013540833,
    -0.0370189948900865,
    -0.182430486908348,
    -0.56629668853804,
    -0.226646970884235,
    -0.277726868584485,
    -0.0558813836195862,
    -0.283505313569179,
    -0.268569048790908,
    0.118977459548844,
    0.118739958901327,
    -0.269951658537988,
    0.148879400130393,
    0.0431210204235286,
    -0.27689926756577,
    -0.0616575088214337,
    -0.218813283484578,
    -0.151899852845137,
    -0.0791820295045566,
    0.0477639881377317,
    0.0606391799034526,
    0.137101599913146,
    -0.015824549538068,
    0.27361900442013,
    0.293035440000633,
    -0.216047457536021,
    0.109737158638573,
    -0.244119735431925,
    0.125588684082245,
    -0.188728932051151,
    -0.743506118815982,
    -0.306583749860943,
    -0.411907894534185,
    -0.202781552634997,
    -0.714169093769382,
    -0.571638489838623,
    -0.780344287349879,
    -0.532200041454102,
    -0.737217341374851,
    -0.370211641530688,
    -0.559102599854758,
    -0.248826912138496,
    -0.520303447098025,
    -0.702394338303009,
    -0.506890020403412,
    -0.347533515982048,
    -0.83338545707042,
    -0.557426419138392,
    -0.809241806772122,
    0.12813846440944,
    0.259054417571618,
    -0.227944367141739,
    0.264751882330007,
    0.0962348880847562,
    0.136237225469818,
    0.264677884494432,
    0.127980793579298,
    -0.146302159001993,
    -0.308034958457733,
    0.14641731276144,
    0.282290885390634,
    -0.322434609858897,
    -0.129206377286941,
    -0.317269496586983,
    -0.418010776925812,
    -0.266011738156296,
    0.0165765851944128,
    -0.113221619485905,
    -0.0764932552105171,
    -0.186623554618008,
    -0.128965004578284,
    -0.397497383417778,
    0.102460617858362,
    -1.27652690016988,
    -0.541605250808086,
    -0.650174231203113,
    -0.444887015822181,
    -0.330162870469244,
    -0.591892883886858,
    -0.185952571093696,
    -0.687220083617157,
    -0.511979390903094,
    -0.648882454529801,
    -0.590095683386944,
    -0.897864652179428,
    -1.04463340965648,
    -0.298831057375512,
    -0.18559353736061,
    0.0053666144563666,
    0.123054549483732,
    0.702821599857115,
    -0.135919321834466,
    0.325511476269775,
    0.0524076810231614,
    0.167879990708598,
    -0.545521509731633,
    0.35969494524323,
    -0.775953148941234,
    -0.341525324996852,
    -0.157279487520969,
    -0.230082561158664,
    -0.551314278887157,
    -0.566602048194788,
    -0.0143925958933045,
    -0.760699051357881,
    -0.412722147065617,
    -0.0768146387647845,
    -0.17987139454447,
    -0.765950938395645,
    -0.0381502096038701,
    -0.0971770467471362,
    -0.271490658828145,
    -0.0844336121306781,
    -0.582414694844881,
    0.121486786455302,
    0.113872389997827,
    -0.157630985443202,
    0.0205721673622136,
    0.229659981783953,
    -0.240722708547797,
    0.162014079752161,
    0.222089540270065,
    0.124131043223609,
    -0.109845060048523,
    -0.301233912932242,
    -0.0149193695969575,
    -0.2628800549442,
    -0.245057167192929,
    -0.287806796047009,
    -0.136734711615904,
    0.512851757704422,
    -0.213939063864557,
    -0.336857889039147,
    -0.414087774477787,
    -0.415074672437335,
    -0.529855325693552,
    -0.114063608141598,
    -1.06168572690001,
    -0.341664620635169,
    -0.0272223639746074,
    -0.623107107269291,
    -0.56357900801272,
    -0.233528248647989,
    -0.719280093227454,
