{
  "dataset_name": "Q9NU63_PF00096_176",
  "num_sequences": 418,
  "intensities": [
    -0.0409796930666948,
    -0.114808934663201,
    0.27561843269621,
    0.220264833711402,
    -0.153682496923021,
    0.128676008819466,
    -0.192031673198873,
    0.271329155496776,
    0.260576572909141,
    0.0976512958932183,
    0.262148043297561,
    0.40953249271167,
    -0.223960283507432,
    0.231600276676677,
    -0.197914586600058,
    -0.630162225517149,
    0.0662771498945707,
    -0.21143946811337,
    0.107288580178156,
    0.294298126736221,
    0.0308068658417283,
    0.0439240604932926,
    -0.106996238734803,
    0.0394115331941406,
    -0.15711044662601,
    -0.0786517559045642,
    -0.111474005176909,
    0.0586181047985877,
    -0.0271344955778132,
    -0.028627347897142,
    -0.0398837961756773,
    -0.0308762832154262,
    -0.148962879193504,
    -0.108920967824745,
    -0.137614121847048,
    -0.0567044374403019,
    -0.134387611803016,
    0.0613465615065872,
    0.0083595635259825,
    -0.131932241756857,
    -0.0517116070438742,
    -0.218662235419183,
    0.302280996213271,
    -0.259525275091135,
    0.0041333330058244,
    -0.258565724530486,
    -0.0540678488324766,
    0.038151402499848,
    -0.764581161461561,
    0.0048819039914956,
    -0.271822079465854,
    0.15163986215619,
    0.150884666591734,
    -0.341831912146195,
    0.273164082325693,
    0.182500670597128,
    0.433312950064497,
    0.264080357297507,
    -0.1041895421661,
    0.314688157235568,
    -0.120388390694651,
    0.189673906916613,
    -0.352015304548803,
    -0.421458655138859,
    -0.215779114028657,
    -0.27294511670345,
    -0.617563982614755,
    -0.0127807576513662,
    -0.0698981996969869,
    -0.460766543021508,
    -0.127107613749443,
    -0.643806131361605,
    0.134684617530587,
    -0.160583545552915,
    -0.54372614533214,
    -0.847647372801274,
    -0.365217229263782,
    -0.308590329922684,
    -0.625330979687502,
    -0.249305990210748,
    -0.399105225330178,
    0.0977460706856757,
    -0.17380962184253,
    -0.0174938012512145,
    0.163017493665661,
    -0.248722317603072,
    -0.148660155230834,
    0.236261445366137,
    -0.328237866724447,
    -0.172898343878252,
    -0.26496933938597,
    0.390628319930115,
    0.0176001884643208,
    -0.0650909664855176,
    0.271928471225104,
    -0.518099634693683,
    -0.389830809013481,
    0.276560289536948,
    0.227988799043541,
    0.387878149696403,
    0.329921505328387,
    0.124045682717902,
    0.238813645037247,
    0.121418175090477,
    0.180378609784352,
    0.230813636456439,
    0.131300795151452,
    0.255345499784774,
    0.0129907462491135,
    0.186703486276642,
    0.0249640476136594,
    -0.220430731424998,
    0.256158849242247,
    -0.0777428781810711,
    -0.233270628596505,
    -0.0513086522069795,
    -0.22410980353357,
    -0.249585735757638,
    0.0385778639014794,
    -0.0940896599988055,
    0.311338017114661,
    0.0003680999269031,
    -0.0240356216429705,
    -0.506758426693958,
    -0.293186489422633,
    -0.19098823085781,
    -0.653025652275855,
    -0.305299569171122,
    -0.217040607994857,
    -0.322112556856086,
    0.196866805888158,
    -0.662645930224244,
    -0.0306713631562812,
    -0.0646965063505781,
    -0.286239840392066,
    -0.0555811423735248,
    -0.241596638845017,
    0.229733217286833,
    -0.141956543983117,
    0.220186197038085,
    0.516848565608779,
    0.118207725112774,
    0.102702845940922,
    -0.051362134079039,
    0.233586941723006,
    0.418998842831986,
    0.526119690764801,
    0.413100293744325,
    0.454968153193958,
    0.0616122687924553,
    0.229875757251033,
    0.335259072479325,
    0.420092134942594,
    0.101536157030808,
    0.370594017002433,
    0.627132369896126,
    0.349109031881102,
    0.367362932703934,
    0.427678324147291,
    -0.843711378247579,
    0.143686776133329,
    -0.171655927792659,
    -1.3196151674776,
    -0.664409720665638,
    -0.629568207768804,
    0.30569549097788,
    -0.347426711399514,
    0.430517629612247,
    0.473130907205165,
    -0.0098354441154749,
    0.277932857514316,
    -0.103218402031122,
    0.0871749502451822,
    -0.302384256863006,
    -0.042995753009843,
    0.325944187975955,
    -0.167695630977356,
    -0.175245755195346,
    0.27820670306535,
    0.405131143066177,
    0.498837351442687,
    0.237239353258402,
    0.0158068302900388,
    0.215509160943027,
    -0.0459590492785863,
    -0.188569635662311,
    0.0794956882126679,
    0.25103222397553,
    0.170141914384043,
    -0.0500254312976208,
    0.0925588846011327,
    0.134276183842565,
    0.201239355753008,
    0.330413818497523,
    0.514643137628822,
    0.369492185247003,
    0.210645237728507,
    0.234705781181768,
    0.282994614337304,
    -0.111803440421255,
    0.0616259704199997,
    0.0362716868919689,
    0.404800493978775,
    0.240254805576647,
    0.185520214844019,
    0.205065032404234,
    0.0329232109122218,
    0.302235274380378,
    0.131158499920806,
    0.104689186869516,
    0.511138791328254,
    0.156236980382154,
    0.0369320726691742,
    0.0097094839715166,
    0.551379370322128,
    -0.21107823645818,
    0.0662701544298093,
    -0.197153287428746,
    -0.384900279919199,
    0.179034102957879,
    0.167429135641371,
    0.0466511769730645,
    -0.0252328897652644,
    -0.184290286015678,
    -0.0438424682812069,
    0.398200756225444,
    0.173077879232656,
    0.263925691182193,
    -0.0850970225508533,
    -0.0415583590656951,
    0.453555593933912,
    0.26590002933838,
    0.225607227593536,
    -0.0766398099725115,
    -0.0052576319100328,
    -0.181463792200806,
    0.0336141065374294,
    -0.0125953782993593,
    0.176511089974923,
    -0.215590559715022,
    -0.233756088959634,
    -0.532913993733821,
    -0.981302175853283,
    -0.595847420224998,
    -0.195073933809858,
    -0.432954603537848,
    -0.458849238571342,
    -0.864443192301016,
    -1.01511695028042,
    -0.393194045275986,
    -0.484711130651762,
    -0.511454849639213,
    -0.759057175258868,
    -0.835242568961402,
    0.330176195064923,
    0.442257785316251,
    0.387378718668032,
    0.0077550837206045,
    0.270460145398011,
    0.403922525493507,
    0.39306988672125,
    0.128607411618273,
    0.192089770842037,
    0.259104144972938,
    -0.238202185733799,
    0.306727340955541,
    0.460267200476234,
    0.206176232149864,
    0.0142488462246456,
    -0.0543268489606032,
    0.499004980120553,
    -0.0621032446051773,
    -0.34689109216699,
    0.480636788430846,
    -0.595936221792371,
    -0.18040221828378,
    0.309043114268528,
    0.0719785292667839,
    0.193111840371195,
    -0.381002826267204,
    -0.385433131960572,
    -0.313173786934138,
    -0.896292702638206,
    -0.445204842031701,
    -0.302643556500625,
    -0.237146855349043,
    0.268762116054989,
    -0.620800976974049,
    -0.336675366835396,
    -0.601826111961777,
    -0.527978458860432,
    -0.199535400200808,
    -0.276753042012564,
    -0.521561461597492,
    -1.02586037677061,
    -0.442948500327372,
    0.0672531729360168,
    0.095380267977702,
    0.112474344725648,
    -0.0584137870517362,
    0.026479966172228,
    0.199199250999409,
    0.190936276977192,
    0.264971758056999,
    0.0764045443468965,
    0.066578606970893,
    -0.415840057731092,
    0.352021479677437,
    -0.539218647985742,
    -0.457269690934273,
    -0.623101803809953,
    -0.238346582792796,
    -0.554882956415721,
    0.323393682068279,
    -0.611134167099476,
    -0.812162733151466,
    -0.011996677540415,
    -0.671932563447657,
    -0.383422322644232,
    -0.228257927134875,
    -0.786811715378148,
    -0.421778003705471,
    -0.493582997477322,
    -0.0509597581151653,
    0.152444136586384,
    -0.122876862990721,
    -0.392507078943651,
    -0.195926516151495,
    -0.381641370146881,
    -0.0712696514871116,
    -0.215669563833205,
    -0.41570082888562,
    0.0758418962212415,
    0.152652435594346,
