{
  "dataset_name": "Q9UJQ4_PF00096_627",
  "num_sequences": 415,
  "intensities": [
    -0.158379333059064,
    -0.0065450549500722,
    0.269349178773468,
    0.335035961138427,
    -0.202722826574435,
    -0.055964824426268,
    -0.298659852160488,
    0.0992520466795632,
    0.0823077247878786,
    -0.158644912445327,
    0.0532532846556921,
    -0.0487921159074384,
    0.0490865883527089,
    -0.478511861357502,
    -0.663779801848805,
    -0.807231123027578,
    -0.219741830430458,
    0.0335422542148288,
    0.304104760013971,
    0.2029067655262,
    -0.109085612951013,
    0.0088060041276013,
    0.115216733013112,
    0.0582657367664953,
    -0.0301749375618152,
    0.127840864923438,
    -0.115379742434178,
    0.250648533519293,
    -0.760716260414231,
    -0.321210353373011,
    0.257673706800971,
    -0.830137826050177,
    -0.292537936949956,
    -0.282943244188839,
    0.0588306873305562,
    -0.501086234023234,
    -0.132795695882821,
    -0.0077612946352413,
    -0.0572125842415333,
    0.137664777808236,
    -0.0530871669670691,
    -0.215457767200302,
    0.08725590371273,
    -0.298936090380241,
    -0.238241520777134,
    -0.15329222855993,
    -0.0242043830542359,
    -0.0855452015087177,
    -0.843219747017001,
    -0.563869626481396,
    -0.261404407184885,
    -0.11718260103421,
    -0.0577669465336804,
    -0.138970578466123,
    -0.31223809616754,
    0.0154374954672657,
    0.134980560061198,
    0.294329953477727,
    -0.0533323149838602,
    0.234073508767624,
    -0.111682584162712,
    0.0261224933777042,
    0.0674479869149097,
    0.0874175142798989,
    -0.651130300502011,
    -0.280979416944719,
    0.095209071870022,
    -0.335410966163351,
    -0.13483435379464,
    -0.321612648293018,
    0.20565141533647,
    0.316218070467799,
    -0.208752875182267,
    -0.247946063725447,
    -0.123648759880238,
    -0.0949171283541533,
    -0.0606983950905301,
    -0.117331396364968,
    -0.422607765640938,
    0.0939595156005507,
    -0.293973964208034,
    -0.0264247175507,
    -0.352631330117895,
    -0.133689861675198,
    -0.0109309388647371,
    0.0600391696216564,
    0.447451346212347,
    0.490377198062893,
    -0.530657298340492,
    0.132770437592166,
    -0.199462158576692,
    0.286081886585467,
    -0.360942188920137,
    -0.255555865034102,
    -0.655306948151695,
    0.120312648333645,
    0.0354499947230925,
    0.447437530608036,
    0.527820747766971,
    -0.185691606566222,
    0.149669150242017,
    -0.0575000757134731,
    0.0486836304683652,
    0.0128666280224747,
    0.0060984788311633,
    -0.139823145808662,
    0.20712398533225,
    -0.0285819296595852,
    0.525459377993248,
    -0.124283362682761,
    0.113241800510655,
    0.0462026404354224,
    -0.224428808175879,
    -0.201105846099772,
    0.326249922700018,
    0.206343019471448,
    -1.05660394076933,
    -0.147668691806903,
    0.0193759358811081,
    0.116661728164753,
    -0.273558276160958,
    0.0546224742747022,
    -0.066531173823069,
    -0.170958630252194,
    0.324734203547308,
    -0.0285964622068094,
    0.0069675044257412,
    -0.211091712972125,
    -0.0155198859563474,
    -0.286156388451903,
    -0.199401786416146,
    0.11957773762865,
    -0.163664533146496,
    -0.0019517949196967,
    -0.404913319367118,
    -0.258986281628836,
    -0.303915636649735,
    -0.597288000644321,
    -0.0998212758361779,
    -0.398854895050478,
    -0.423477573344103,
    -0.226086951480424,
    -0.137318814948735,
    -0.327060650268763,
    -0.615464830402363,
    0.406210628164044,
    0.331846374885912,
    -0.668334008590348,
    -0.316968890197667,
    -0.416428249749322,
    -0.413102769297889,
    0.113093392816576,
    -0.313789084677567,
    -0.513473158676654,
    -0.037684548318913,
    0.142312727827787,
    -0.393418309518083,
    0.0957509533306651,
    0.181962887458774,
    0.0761874090186887,
    -1.21526169442092,
    -0.452850810019873,
    0.252727631360192,
    0.0773694373940778,
    0.323354474851051,
    0.378266616508744,
    -0.199885645930143,
    0.17444050937586,
    -0.144599918457937,
    -0.0292910464041158,
    -0.14931233556215,
    -0.209325032084379,
    0.283162700570409,
    -0.189333363021755,
    0.403291590947055,
    0.0370971574399608,
    -0.203410865730919,
    0.213540762821601,
    -0.291816585707887,
    -0.645653981980167,
    -0.0118577462120336,
    0.237370187788566,
    0.101682383416171,
    0.161088661729996,
    -0.0618020567901379,
    0.231611528861529,
    0.0160075090373295,
    -0.0209982721477501,
    0.249673773134182,
    0.934317037207078,
    -0.208995298219147,
    -0.159793294997664,
    -0.118803477121813,
    0.288974752232517,
    -0.331985220922477,
    -0.228991534363064,
    0.132712240208614,
    0.232224806490286,
    0.115190237193478,
    -0.0261549921241766,
    0.121930897133872,
    -0.0225640575210763,
    0.203357623391051,
    0.0983163046387041,
    -0.0621145313391918,
    0.305397328873636,
    0.0563861916087086,
    0.152419618565452,
    0.103430536380656,
    1.21016386785758,
    0.71713456659564,
    0.0355396100214188,
    -0.0083205826987827,
    0.0563345198365254,
    0.304384026966852,
    -0.0671802874651498,
    0.125516370035316,
    0.157795924160888,
    0.0169248088881513,
    -0.291739367505909,
    -0.110830499398461,
    0.0911186120729206,
    -0.0788245839373175,
    -0.0624954699063689,
    -0.377757712460585,
    -0.389639051685606,
    -0.0040933944857777,
    -0.030141885129233,
    -0.443318375475189,
    -0.125741336191457,
    0.0813312615753573,
    0.293551264685879,
    0.0650372264044929,
    0.0433168900489031,
    0.393224748427623,
    0.132562856065076,
    -0.0531930092873513,
    -0.0912450347170016,
    -0.92658720415488,
    -1.09644391305002,
    -1.00239886787082,
    -1.05368972543436,
    -0.566874736364447,
    -0.43146956501224,
    -0.880917810560507,
    -0.583044899495758,
    -0.795793246621111,
    -0.837963492668049,
    -1.01089246848673,
    -0.889923109663522,
    -0.278202086959942,
    -0.0526172263459222,
    -0.261119232493806,
    -0.179861611505581,
    -0.684890726918576,
    -0.132272723918478,
    -0.447873945486781,
    0.0296111405428608,
    -0.311472915304651,
    -0.224288145296877,
    -0.53077288357499,
    -0.398193125459632,
    0.142337277706777,
    -0.176605726734164,
    0.062514338953847,
    -0.470598737104915,
    -0.3851216996295,
    0.0091998648307435,
    -0.202376884237755,
    0.0175544344076162,
    -0.101714725145646,
    -0.173201860689004,
    -0.123550270511216,
    -0.0202049851707205,
    -0.114012875343974,
    -0.276440422596197,
    -0.181189054286105,
    -0.0297887364864035,
    -0.190802220234714,
    -0.364752134035944,
    -0.158601934251929,
    -0.561515576649867,
    -0.0882508209582648,
    -0.217820531535672,
    0.221854919962033,
    0.0866273634215552,
    -0.14080762183018,
    -0.0048111762017538,
    -0.247711855825809,
    -0.258395884951761,
    -0.256181221757876,
    -0.22240940243133,
    -0.124172397803379,
    -0.230035252346548,
    0.120085557863232,
    -0.0903797195111714,
    -0.553361900953307,
    -0.172016878469054,
    0.0537381728296444,
    -0.281993891084154,
    -0.213856227633087,
    -0.448467544083359,
    -0.166567332409229,
    0.204921014615834,
    -0.185902131335718,
    -0.0786987233772444,
    0.034776530259106,
    0.0433490645712231,
    -0.552125576430118,
    -0.703839466867802,
    -0.223189750477329,
    -0.454780887127263,
    -0.181948784643424,
    -0.341581671741628,
    0.0156326296076872,
    -0.012081243565396,
    -0.290784427904452,
    -0.0964509367085341,
    -0.141375961518501,
    -0.0640305696432945,
    -0.467050508676373,
    -0.188622920790633,
    -0.768659134551606,
    -0.133935483393092,
    -0.0462157754512454,
    -0.219542532366563,
    -0.72785182636319,
    -0.144982113509736,
    -0.0543431543623554,
    -0.0987756385623496,
    0.497862189121099,
    -0.13313397093578,
