{
  "dataset_name": "Q9UJQ4_PF00096_383",
  "num_sequences": 381,
  "intensities": [
    -0.276815813915363,
    -0.0853907514492297,
    0.125450767315431,
    0.302649717990881,
    -0.197389167079008,
    0.130296901206367,
    -0.389777386449865,
    -0.0445960774357961,
    -0.59720161434903,
    -0.545716837445433,
    -0.170877515444192,
    -0.209960117264508,
    -0.474148661704692,
    -0.202238770334975,
    -0.607132221264773,
    -0.0169719343322831,
    -0.628974060411601,
    -0.350115308674398,
    -0.0970698774895954,
    0.267328519197753,
    -0.388481495982221,
    -1.06619133938968,
    -0.576518522076854,
    -0.434319192730697,
    -0.532593634722839,
    -0.275025419211486,
    -0.2093552414401,
    -0.319662317115929,
    -0.71387721548226,
    -0.0994616598089464,
    -0.0740731309694414,
    -0.0011373283283357,
    -0.0455760436557999,
    0.0564826016952389,
    -0.179052826314118,
    -0.0788421000606989,
    -0.620977667485495,
    -0.351615472603664,
    -0.19682793907808,
    0.0055688477191301,
    -0.238499779676604,
    -0.239173175510621,
    -0.0698197984083102,
    -0.361774251997672,
    -0.027184322443162,
    -0.317923144930283,
    -0.199374144019267,
    -0.129532722606618,
    0.056831850133332,
    -0.0852640296769207,
    0.105761845892174,
    -0.048669000442823,
    0.0733657770142394,
    0.0068038843932004,
    0.162996786300427,
    0.136573085332405,
    -0.156904657194785,
    -0.0048755912827767,
    -0.276079855106745,
    -0.475970791660833,
    -0.161263611596319,
    -0.0474910740904242,
    0.0342287865997015,
    -0.0173647982531918,
    -0.126834546456307,
    0.122891996244193,
    -0.0516042907781018,
    0.0877121295833516,
    -0.0070677933321597,
    -0.365404183963023,
    -0.290560986696145,
    -0.19709534353088,
    -0.09693152782049,
    -0.0452434228322981,
    -0.151809106760496,
    0.230009741557812,
    0.250189051619104,
    0.0594926126503378,
    -0.0746331374615418,
    -0.117501428192772,
    0.135326739929452,
    0.283890911995906,
    -0.233176214327669,
    -0.0993585180964005,
    -0.0257436180775301,
    -0.159024959359533,
    -0.012351105889061,
    -0.320784516573934,
    0.0266795602271851,
    0.0129417701254452,
    -0.176600714627965,
    -0.0689127070172703,
    -0.244264339496833,
    -0.0795292905510558,
    0.0382653002041155,
    -0.339840703157774,
    -0.001583571135493,
    -0.0860596224130425,
    0.243050229305466,
    0.3207470366643,
    -0.484076622302101,
    0.1572082087488,
    -0.0566399666191973,
    -1.06606697484929,
    -0.287253365563351,
    -0.129736458901569,
    -0.122498691145487,
    -0.299807417509075,
    0.0843942293974457,
    -0.0968351520158328,
    -0.238481892354251,
    -0.0572985814543119,
    -0.29547555737872,
    -0.0945005295087113,
    0.113827900321368,
    -0.277457030271355,
    0.0209794839460809,
    -0.313961336870136,
    -0.155221887509868,
    0.0531812173837228,
    -0.0186748311125668,
    0.142697194348744,
    -0.236678261353755,
    -0.149432874474232,
    0.268784986513058,
    -0.34235036128505,
    0.0279023208301237,
    -0.405800221579479,
    0.0981207500363316,
    0.100292994415507,
    -0.151371001342299,
    0.109945398871969,
    0.0199127556184928,
    -0.0926186864730943,
    0.171506526391981,
    -0.0778898858620844,
    0.0571010354591491,
    0.0864341239700882,
    -0.243274026978857,
    0.0406629422781726,
    -0.0761380882778229,
    0.239775230990976,
    0.404075670467665,
    -0.094866317276225,
    0.0593093311876012,
    0.0732355393738338,
    -0.460315944259806,
    -0.284299236514999,
    -0.362046680871554,
    -0.888051233122257,
    -0.761976631951888,
    -0.516957442293025,
    0.107194594415858,
    -0.234922309705754,
    -0.144859337609116,
    0.223645348921728,
    -0.299146980151908,
    -0.104452597279786,
    -0.0902403932496808,
    0.0424421055711871,
    -0.0621843362676703,
    -0.0464067466647786,
    -0.161360062765065,
    0.043129140619568,
    0.0477148828983226,
    -0.175728764103411,
    0.0862415813740354,
    0.107114437905862,
    -0.104186216888982,
    0.0827348545153829,
    -0.0654744878058287,
    -0.0599326527339224,
    -0.0934223197534266,
    0.110984996574381,
    0.115088433236225,
    -0.164372922674126,
    -0.101006985328988,
    0.177023619501718,
    -0.111487307967304,
    -0.132551047471104,
    -0.133952857952631,
    -0.344525800606072,
    -0.0792404358674714,
    0.0176437152272509,
    0.0283940331413863,
    -0.230057703926792,
    0.23086251917825,
    -0.21534973359577,
    0.014779095844943,
    -0.148105249961501,
    0.0180856579071464,
    0.0869664687258136,
    -0.357663357775562,
    -0.0753567463792753,
    -0.303442069350306,
    -0.190737301118605,
    -0.522281971076323,
    -0.152797424684237,
    -0.289262877313442,
    -0.257262365001172,
    -0.203916610564328,
    -0.2048345124061,
    -0.19160139233147,
    -0.0603647693770624,
    -0.241540681889724,
    -0.18932485116102,
    -0.325200310093541,
    -0.565233629356742,
    -0.467103444570364,
    -0.0290863869167596,
    -0.113074075501528,
    -0.140379388239557,
    -0.0718470107054495,
    0.0639451836016562,
    0.134601585688878,
    -0.0728660101791456,
    -0.374017654192189,
    -0.218663784514955,
    0.082554903955893,
    -0.153228944640138,
    -0.416744359727748,
    -0.0221374781597775,
    -0.157517899674061,
    -0.181098375972137,
    -0.0173774614257226,
    0.0678199692377544,
    -0.112635227996043,
    -0.065884924999634,
    -0.983034321084807,
    -0.476496684852594,
    -0.777590939793739,
    -0.356825472949241,
    -0.913371440176068,
    -0.662010732643851,
    -0.210942350245284,
    -0.59667455365761,
    -0.449791128586864,
    -0.604291019984692,
    -0.835080895203869,
    -0.948706526136443,
    -0.586636004127139,
    0.0523554080646129,
    0.0772199981075359,
    0.193893893849061,
    0.0589107699728228,
    0.041650891011313,
    0.0935213618729042,
    -0.146786439864113,
    0.0788533719057564,
    0.0284446854734849,
    0.121636431388346,
    0.0100741208698185,
    -0.122440091475879,
    -0.0491455478339295,
    0.0446395898437742,
    0.0139458419252476,
    0.0134626224152953,
    -0.230411186048117,
    -0.295947740430982,
    -0.205225952357088,
    -0.268900673624143,
    -0.0659461113150617,
    -0.313724012406689,
    -0.139376699487347,
    -0.259414607169703,
    -0.247336668260752,
    -0.225869626554139,
    -0.27656566418223,
    0.108171241446563,
    -0.149750538524542,
    -0.153929920283587,
    -0.424492139872298,
    -0.161558109734639,
    -0.260835178860495,
    -0.293497371625579,
    -0.049866675067464,
    -0.0798261599470414,
    -0.0456396847657717,
    -0.385438514923839,
    -0.453695874935016,
    -0.243068746097203,
    -0.262021743280898,
    -0.304472130412929,
    -0.289853384804535,
    -0.429884254769335,
    -0.264711955230144,
    -0.238842532075006,
    -0.239849579152121,
    -0.0385303659672454,
    -0.202800357444963,
    0.121232139299484,
    -0.103278600290179,
    0.0165309861887212,
    0.156506497889559,
    0.071881136338201,
    0.102409051226392,
    -0.160065999146277,
    0.0718594190037584,
    0.0721869638011227,
    -0.122124957988457,
    -0.261366582510628,
    0.0433435532456372,
    -0.552386904867675,
    -0.038704047637378,
    -0.126554118378573,
    -0.463332812499757,
    -0.268206510914493,
    0.0278874263423138,
    -0.426651511394661,
    -0.318385552788625,
    -0.232130000945495,
    -0.593096094386855,
    -0.462531445689874,
    -0.224323685451277,
    -0.116154065965317,
    -0.194082421019247,
    0.0044406638617909,
    -0.366489364659119,
    -0.329204132298809,
    -0.0705224115347998,
    -0.0445810674901646,
    0.223411282930966,
    -0.518711654989222,
    -0.0373324682800798,
    -0.153542897334043,
    -0.0290711717160876,
    -0.0149911765175571,
    -0.0851298205341108,
    -0.58622140427135,
    -0.0096788503840904,
