seed,sample,ranking_score
1,0,0.45486393211695836
1,1,0.46089459558868295
1,2,0.41245948808366684
